seed,noV,nodeCnt,supplynodes,demandnodes,totalSupply,avgFC,DSSPiterations,DSSPTime,DSSPpsi,DSSPgbestObj,FixScaniterations,FixScantime,FixScanpsi,FixScangbestObj,PSOiterations,PSOtime,PSOpsi,PSOgBestObj,PSODSSPGap,PSObeatDSSP,PSOFSGap,PSObeatFS
1,122,25,5,4,4191,3961.731485,20,0.017595818,1,347397.7195,98,0.082823527,0.25,347230.1666,701,0.614995679,0.071255182,320979.2235,8.23%,1,8.18%,1
2,576,25,6,4,5084,4071.008112,72,0.224664312,1,313872.9142,276,0.870904444,0.25,310340.3851,2902,9.277895425,0.942031815,279001.2952,12.50%,1,11.23%,1
3,178,25,8,4,5415,3995.904744,33,0.03868816,1,515213.6664,208,0.23261299,0.25,462613.7462,2256,2.537267225,0.231263067,428665.5661,20.19%,1,7.92%,1
4,178,25,8,6,9170,3840.159468,47,0.052518293,1,643569.5521,183,0.205636322,1,643569.5521,1785,2.056190742,1.94536872,584489.6156,10.11%,1,10.11%,1
5,392,25,9,8,12751,4207.063078,81,0.181722897,1,554883.7697,367,0.849691037,0.25,551250.6257,4413,9.854916619,1.161482538,511365.4134,8.51%,1,7.80%,1
6,486,25,9,7,14064,4045.448902,145,0.381220673,1,608135.6632,633,1.648471038,0.75,541010.8865,9875,25.70282593,0.799661311,520619.0664,16.81%,1,3.92%,1
7,226,25,12,7,10336,3819.507617,47,0.063377963,1,716695.3105,233,0.315560547,0.25,673855.9931,3247,4.309886499,0.238117734,657580.5488,8.99%,1,2.48%,1
8,172,25,9,5,12923,3775.068219,27,0.029760233,1,738013.7966,197,0.212631329,1.25,704158.2458,2495,2.75133504,1.314661028,686852.0245,7.45%,1,2.52%,1
9,304,25,8,8,12332,3985.152715,39,0.07178325,1,590568.3219,397,0.728148765,1,590568.3219,3378,5.834938271,1.796014236,563262.4451,4.85%,1,4.85%,1
10,364,25,6,6,9117,3910.262367,98,0.196885148,1,502289.9644,439,0.949274581,0.25,464051.6632,5126,10.59799435,0.611304259,459445.7586,9.33%,1,1.00%,1
11,298,25,7,3,11117,4103.491649,33,0.058475757,1,559076.9677,261,0.469841892,1.25,463977.3429,1806,3.169762349,1.787808341,443449.3197,26.07%,1,4.63%,1
12,310,25,8,4,6032,3785.448894,82,0.141767343,1,361836.5458,394,0.750436243,1,361836.5458,1960,3.560565318,0.563469516,361836.5458,0.00%,0,0.00%,0
13,190,25,8,9,12202,3954.057854,32,0.040167119,1,752599.5475,206,0.25509692,0.75,713423.3426,1786,2.182021711,1.945202228,711997.8096,5.70%,1,0.20%,1
14,106,25,9,5,7285,3552.14265,27,0.020113783,1,681347.8914,92,0.071694472,1.25,618037.6461,784,0.64372774,1.344155032,618037.6461,10.24%,1,0.00%,0
15,582,25,12,4,7217,4036.40993,71,0.232562357,1,456817.8649,651,2.142987486,0.5,432697.9483,5439,16.65377308,0.334486063,403312.8029,13.27%,1,7.29%,1
16,248,25,8,4,5752,4076.760256,56,0.080310003,1,561957.4661,296,0.415854912,0.25,526085.0704,2146,3.227016047,0.101402913,466313.9025,20.51%,1,12.82%,1
17,336,25,10,3,4208,4111.667691,36,0.07371043,1,434356.4163,247,0.48150841,0.25,393610.8491,3196,6.47875041,0.138408029,347426.1681,25.02%,1,13.29%,1
18,148,25,6,5,8918,3826.174266,25,0.024525283,1,586174.9231,151,0.143560876,0.5,535417.13,1386,1.391489842,0.140871239,509569.9862,15.03%,1,5.07%,1
19,422,25,9,8,10965,3959.233944,97,0.228511544,1,631341.1503,469,1.110113834,0.5,590773.6703,4173,9.868574819,0.662893127,556068.1073,13.54%,1,6.24%,1
20,548,25,8,5,5868,4161.080584,148,0.432026772,1,475835.6744,628,1.835635159,1.25,406185.5075,6110,18.07001831,1.757361884,384018.9916,23.91%,1,5.77%,1
21,138,25,7,5,7683,3924.422096,28,0.024690943,1,625103.9382,144,0.125717093,0.25,557639.7519,1021,0.956973617,0.266481039,535448.673,16.74%,1,4.14%,1
22,578,25,10,4,5072,3849.448857,55,0.178610725,1,404117.0984,362,1.156218208,1,404117.0984,3196,10.39772274,1.780336896,365412.7776,10.59%,1,10.59%,1
23,560,25,7,6,11430,4040.36418,71,0.222789025,1,522629.2867,536,1.631299013,0.5,521895.0094,8687,26.26791281,0.567113577,439082.7034,19.03%,1,18.86%,1
24,442,25,7,6,8657,4199.228994,128,0.323142099,1,447101.177,565,1.3410269,0.5,442658.2786,7398,18.4972612,0.660412973,407263.5779,9.78%,1,8.69%,1
25,256,25,10,6,8320,4099.57206,63,0.096008294,1,633372.4673,306,0.448864284,1.25,617318.1367,5801,8.793983629,1.451992828,608782.7342,4.04%,1,1.40%,1
26,460,25,5,4,6108,4104.602521,94,0.233689753,1,316595.0594,460,1.136177812,0.5,297246.3082,3393,8.458525712,0.33280916,289989.1965,9.17%,1,2.50%,1
27,406,25,7,7,10642,3749.039618,118,0.254884456,1,490325.7069,568,1.243586366,1.25,460877.2451,6590,15.12916611,1.12725099,430098.7097,14.00%,1,7.16%,1
28,110,25,5,5,6827,4037.441678,17,0.013226802,1,460141.3718,87,0.064838322,0.5,460141.3718,573,0.465122147,0.826942459,460141.3718,0.00%,0,0.00%,0
29,350,25,5,5,6147,4032.855141,55,0.107273415,1,408648.0602,294,0.570194707,1.25,384746.891,2795,5.614549454,1.483972849,374095.1937,9.24%,1,2.85%,1
30,346,25,11,7,10033,4039.425272,61,0.118464118,1,612018.1597,406,0.79362463,0.75,585614.7741,2798,5.572128398,1,612018.1597,0.00%,0,-4.31%,0
31,54,25,8,5,7222,5093.719055,7,0.003169198,1,772795.6322,28,0.011882644,0.25,772795.6322,172,0.090838924,1.190625545,772795.6322,0.00%,0,0.00%,0
32,90,25,10,3,13970,3792.937238,14,0.009404946,1,900122.8828,70,0.044280991,0.25,838762.7916,924,0.652988982,0.121169934,832945.2171,8.07%,1,0.70%,1
33,362,25,8,7,12189,4040.419999,96,0.197468805,1,597348.5108,393,0.788297042,1.25,573851.5441,3146,6.60310185,0.159115143,554423.35,7.74%,1,3.50%,1
34,340,25,7,6,7635,3878.812365,90,0.17054417,1,504663.7082,413,0.769381755,0.25,453139.4864,3422,6.576446091,1.738737492,439329.2398,14.87%,1,3.14%,1
35,350,25,14,6,8962,4094.745996,67,0.136033134,1,676851.614,342,0.664041508,0.25,616456.6251,5047,9.8198761,1.014305911,579828.1662,16.73%,1,6.32%,1
36,230,25,7,2,2896,3737.397218,21,0.031355524,1,381046.6966,113,0.160972692,0.75,367707.3804,1139,1.72599087,0.410998574,327562.0776,16.33%,1,12.26%,1
37,424,25,9,6,9454,3843.521519,110,0.263197933,1,508459.5563,417,0.965136735,1.25,471282.3783,4742,11.25945791,1.294839353,445608.6497,14.10%,1,5.76%,1
38,402,25,8,7,9139,3837.361905,152,0.332550467,1,731610.4289,453,0.991155948,1.25,586749.2342,4266,9.725599959,0.243486639,562808.0723,29.99%,1,4.25%,1
39,164,25,11,3,4104,4190.67378,14,0.015622162,1,469825.317,86,0.097835434,1,469825.317,664,0.754568107,0.658146374,469825.317,0.00%,0,0.00%,0
40,302,25,7,7,8515,3875.484668,56,0.098375426,1,474854.2848,273,0.472451654,1,474854.2848,1790,3.295603298,1,474854.2848,0.00%,0,0.00%,0
41,258,25,8,7,13904,4034.725402,69,0.103766056,1,689864.458,369,0.544683019,0.25,664261.9158,3274,5.087238327,1.21889939,636138.4948,8.45%,1,4.42%,1
42,402,25,7,4,6241,3902.124898,87,0.191186295,1,461530.3379,475,1.016689021,0.75,408917.8737,3165,7.213408029,1.202230023,373118.5607,23.70%,1,9.59%,1
43,68,25,8,7,12985,3987.592371,10,0.005526065,1,844965.8037,49,0.025852414,1.25,803113.8723,337,0.209844785,1.735548514,803113.8723,5.21%,1,0.00%,0
44,274,25,9,4,6516,4138.818719,34,0.055451405,1,422311.3149,226,0.357778363,0.5,348140.4637,4324,6.752628666,1.231633164,372420.1853,13.40%,1,-6.52%,0
45,198,25,10,3,4917,4078.47897,23,0.028687011,1,493564.3829,102,0.127172093,0.25,454997.7369,1172,1.514369737,0.372757625,453481.576,8.84%,1,0.33%,1
46,540,25,6,5,10408,4062.032573,98,0.283028584,1,356152.9383,467,1.324794082,0.75,326354.6712,4534,13.41554352,1.789663898,318373.8091,11.87%,1,2.51%,1
47,242,25,7,5,7725,4077.645106,43,0.060845171,1,570698.4511,287,0.399543399,1.25,529637.7211,2111,3.059092774,0.36948364,499640.6395,14.22%,1,6.00%,1
48,350,25,5,6,8801,3886.649636,45,0.091389221,1,559107.6436,283,0.556853356,0.75,497879.3538,3292,6.718590943,1.879846664,483279.5324,15.69%,1,3.02%,1
49,84,25,6,5,6981,4486.851804,13,0.007994418,1,620631.3911,63,0.038194682,0.25,620631.3911,357,0.244482987,0.055791718,620631.3911,0.00%,0,0.00%,0
50,322,25,6,4,9116,3886.21886,85,0.148796318,1,513303.326,399,0.69884347,1.25,453271.6499,2351,4.408065757,0.663522585,415776.0284,23.46%,1,9.02%,1
51,182,25,6,6,9278,4059.395708,50,0.055741095,1,534146.0233,194,0.215910283,0.5,534146.0233,1825,2.145361381,0.103785316,517088.5709,3.30%,1,3.30%,1
52,590,25,7,5,9771,4057.73835,129,0.400651289,1,394919.5651,635,1.928988976,1,394919.5651,3740,12.09500664,1,394919.5651,0.00%,0,0.00%,0
53,388,25,12,7,11365,3899.921293,144,0.297010405,1,636157.8631,575,1.191240003,1,636157.8631,4840,10.50848555,0.952708291,604325.7816,5.27%,1,5.27%,1
54,554,25,8,7,10220,4008.960785,114,0.338779943,1,537706.9283,708,2.041882222,0.5,529185.9375,5893,17.74121328,0.375933463,504810.0346,6.52%,1,4.83%,1
55,98,25,10,1,1188,4157.763103,10,0.007289582,1,466005.3225,50,0.03571009,0.75,466005.3225,322,0.254096648,1.946523096,466005.3225,0.00%,0,0.00%,0
56,582,25,8,3,12501,3995.484486,134,0.407832523,1,444264.6235,593,1.75060903,0.25,402561.8666,5023,15.60247571,0.6684355,369995.1621,20.07%,1,8.80%,1
57,70,25,7,6,9850,3692.083551,9,0.005084117,1,682889.9649,42,0.022978625,1.25,681442.6301,327,0.208254056,1.418572313,681442.6301,0.21%,1,0.00%,0
58,368,25,7,4,5520,3938.313669,55,0.114824745,1,447986.3296,291,0.604568125,0.75,407046.5676,4457,9.349911625,0.888815689,405223.1675,10.55%,1,0.45%,1
59,172,25,11,7,10875,3968.051236,57,0.059150655,1,712466.0251,240,0.248932487,0.25,688929.4602,3784,4.10902182,0.383570195,666054.0816,6.97%,1,3.43%,1
60,218,25,8,4,11277,4040.84982,31,0.040645564,1,527259.652,186,0.243237656,1,527259.652,2430,3.261719544,0.950648964,507251.9576,3.94%,1,3.94%,1
1,414,50,19,10,12470,3969.158904,74,0.177057348,1,1034501.319,255,0.625099509,0.25,1019636.161,8064,19.6009748,0.90457495,1027666.674,0.67%,1,-0.78%,0
2,2348,50,16,9,13868,4007.583864,476,6.407716761,1,780126.7401,2271,28.67149614,1,780126.7401,45336,562.9537092,1.846660109,762608.9651,2.30%,1,2.30%,1
3,658,50,15,9,13457,4149.854252,125,0.467661497,1,1196732.25,561,2.049598314,0.75,950800.4818,18989,67.92700809,1.418311739,944534.4217,26.70%,1,0.66%,1
4,652,50,17,7,11587,3902.83187,98,0.360657243,1,1055419.481,651,2.342465933,0.25,944943.9338,17102,61.77684516,1.374501453,908397.564,16.18%,1,4.02%,1
5,1564,50,17,8,10209,4060.411836,381,3.23653476,1,857596.2662,1364,11.4980734,0.5,814349.1279,26654,223.3234344,0.708249935,753004.6489,13.89%,1,8.15%,1
6,1964,50,15,10,15145,4016.890259,427,4.711937197,1,848006.4149,2370,24.62813154,1,848006.4149,92347,965.5545317,1.179642942,768070.1371,10.41%,1,10.41%,1
7,860,50,10,10,13860,3967.937402,139,0.670554007,1,803122.4725,866,4.058403018,0.25,783864.2717,19552,91.03685678,0.504411645,724084.5496,10.92%,1,8.26%,1
8,630,50,17,6,9777,4074.306927,58,0.207402949,1,949925.7877,240,0.887821566,0.25,899861.7448,7125,26.05378768,0.357316874,859538.5067,10.52%,1,4.69%,1
9,1186,50,20,10,13573,3900.421855,267,1.640435653,1,927251.6633,1316,8.404076339,1,927251.6633,36273,225.8387895,0.324829526,920559.7402,0.73%,1,0.73%,1
10,1442,50,18,9,12805,4053.692737,177,1.452112613,1,935109.6156,1308,10.37778426,1.25,881094.9431,34181,266.231054,1.441193067,827806.1602,12.96%,1,6.44%,1
11,1162,50,17,8,10490,4077.97658,275,1.676356076,1,913327.2211,1012,6.266262186,1.25,808181.3791,13260,82.18972188,1.324841329,785063.4338,16.34%,1,2.94%,1
12,1214,50,14,12,15339,3853.336404,179,1.194053542,1,1059444.775,1033,6.865294296,0.75,929509.4889,28332,185.9705172,1.612669264,892728.6358,18.67%,1,4.12%,1
13,706,50,11,11,16908,4039.852246,66,0.280125411,1,1015568.023,508,2.064225585,0.25,1011388.101,11763,46.20850183,0.152850573,924863.8364,9.81%,1,9.36%,1
14,348,50,11,9,15930,4125.115359,69,0.140515631,1,1101250.703,244,0.516017833,0.25,938911.911,9461,20.13266663,0.352207743,904901.6038,21.70%,1,3.76%,1
15,2370,50,15,15,23452,3984.521016,368,5.147274305,1,1010016.761,2427,31.76900881,1,1010016.761,49656,642.1062792,0.72006493,937437.9365,7.74%,1,7.74%,1
16,948,50,17,8,12465,3806.1586,180,0.933567461,1,898388.8239,986,5.079143685,0.5,833154.6068,12426,63.09009217,0.935625124,774554.6917,15.99%,1,7.57%,1
17,1326,50,19,7,10641,3949.822955,275,1.935700504,1,925523.6377,1383,9.691539386,0.75,803316.7621,31378,218.5835714,0.512097561,778327.37,18.91%,1,3.21%,1
18,524,50,11,10,16621,3816.768177,113,0.330955461,1,912449.2351,543,1.607510344,0.5,873488.39,9675,29.21496511,1.579477293,782705.2358,16.58%,1,11.60%,1
19,1690,50,17,12,17252,4049.61873,563,5.018173772,1,961919.2106,1763,16.37322366,1.25,894470.2447,82562,756.7967879,1.908703702,806215.8508,19.31%,1,10.95%,1
20,2228,50,14,11,15885,4029.671766,393,4.894443055,1,740763.1608,2532,31.69299638,1,740763.1608,28862,347.4429275,1,740763.1608,0.00%,0,0.00%,0
21,486,50,17,15,24951,3910.198736,131,0.359045129,1,1238662.085,588,1.602506375,1,1238662.085,7511,21.09487776,0.758955652,1163736.645,6.44%,1,6.44%,1
22,2352,50,14,8,11864,3962.06708,262,3.674927585,1,770393.0987,1934,25.61382418,1.25,712909.7509,28912,368.7642793,0.814778835,675013.7303,14.13%,1,5.61%,1
23,2274,50,13,10,19063,4050.359175,608,7.859768927,1,775790.4189,2421,30.09130918,0.25,738316.5968,74099,907.173122,0.865217014,698807.0983,11.02%,1,5.65%,1
24,1774,50,13,9,19480,3888.810451,232,2.354085043,1,798916.868,1622,15.84160286,0.5,770146.9766,30176,282.9964333,0.449632252,708280.8052,12.80%,1,8.73%,1
25,984,50,19,11,16108,4017.653858,242,1.340881621,1,1043751.546,1331,7.132799634,0.75,971690.6452,25264,131.6333305,1.087475252,945682.4361,10.37%,1,2.75%,1
26,1856,50,18,9,12967,4027.825587,224,2.596974735,1,854412.2048,1496,15.61698738,0.25,789231.103,39745,395.115894,0.219723317,747186.4172,14.35%,1,5.63%,1
27,1624,50,17,8,12770,4065.336779,270,2.503000259,1,927584.4554,1673,14.4919161,1.25,863852.1671,26771,230.5375159,1.256158784,772399.6785,20.09%,1,11.84%,1
28,362,50,15,14,18980,3918.778996,82,0.180792525,1,1280806.412,378,0.828813794,0.25,1250278.483,5831,12.89238472,0.623823767,1274097.943,0.53%,1,-1.87%,0
29,1388,50,10,11,13229,4010.725014,256,2.0032305,1,738855.4183,1295,9.916401499,1.25,669734.8635,32675,239.2376821,0.180075752,634337.9106,16.48%,1,5.58%,1
30,1366,50,22,13,16540,4013.292357,470,3.300675155,1,1136632.249,1772,12.65709326,1,1136632.249,21072,150.8554615,0.853991788,1011150.987,12.41%,1,12.41%,1
31,126,50,20,8,10899,3801.210307,11,0.010454217,1,1888938.399,58,0.053123332,0.75,1886098.15,557,0.544857617,0.009217538,1873975.755,0.80%,1,0.65%,1
32,280,50,14,11,15688,4088.854793,41,0.072389717,1,1282545.947,181,0.322215113,0.75,1268128.679,2900,5.195502562,1.936518426,1265951.768,1.31%,1,0.17%,1
33,1440,50,13,8,10838,3946.646021,289,2.32479356,1,817703.8333,1202,9.406312015,0.5,633501.0848,43004,331.2708428,1.484961299,622455.3706,31.37%,1,1.77%,1
34,1342,50,22,8,11940,3980.186156,409,2.821512735,1,1005871.32,1341,9.562370838,0.25,989966.8686,17400,121.1297287,1.246155296,940754.0118,6.92%,1,5.23%,1
35,1388,50,15,14,19826,4150.846463,235,1.820847532,1,1016088.404,1766,13.0582519,0.25,956930.0128,39365,290.7412475,1.812712782,913031.6318,11.29%,1,4.81%,1
36,870,50,19,6,9397,3708.25132,212,1.001616105,1,963737.3435,848,4.001301887,1.25,860877.6297,28793,134.9509064,0.212558464,779653.7754,23.61%,1,10.42%,1
37,1702,50,13,7,11308,3981.685163,276,2.603886808,1,675871.4656,1555,14.70770235,0.25,658075.6718,25374,228.4376886,1.562923254,633746.8982,6.65%,1,3.84%,1
38,1602,50,10,12,15611,4047.154594,371,3.238708861,1,831131.6062,1464,13.11037472,0.25,749649.8975,42713,355.1841702,0.224951483,733717.7578,13.28%,1,2.17%,1
39,590,50,17,12,18353,3916.060185,133,0.441785278,1,1240065.833,585,1.955180975,0.25,1212957.488,13179,43.59074754,0.837944315,1110345.831,11.68%,1,9.24%,1
40,1176,50,16,8,10638,4164.98667,198,1.2838335,1,896594.1809,1071,6.69039831,0.25,823659.4732,37984,237.1629398,0.440375966,725045.6338,23.66%,1,13.60%,1
41,994,50,11,6,7889,3957.704041,147,0.804418742,1,672341.3972,575,3.19122147,0.5,636312.9682,8698,47.60570507,1.417989304,616711.6061,9.02%,1,3.18%,1
42,1602,50,13,11,17007,4002.900796,338,2.969075019,1,912573.2797,1790,15.59797429,0.5,817638.9534,22745,193.6236952,1.202676543,780607.9563,16.91%,1,4.74%,1
43,188,50,17,10,14346,3960.904183,24,0.033070854,1,1573947.824,102,0.142207951,0.75,1562437.173,1484,1.92715978,1.6666544,1503182.567,4.71%,1,3.94%,1
44,1058,50,11,11,15495,3967.018659,276,1.559263138,1,846357.2637,1061,6.147386417,1,846357.2637,26759,152.9176274,1.865913194,787386.7304,7.49%,1,7.49%,1
45,736,50,15,10,15559,4211.479203,148,0.628582883,1,936825.755,866,3.640612383,0.25,910392.3643,17878,71.91520779,1.083096443,887457.354,5.56%,1,2.58%,1
46,2188,50,14,14,20824,4007.894842,344,4.379939308,1,986226.222,1793,22.5520082,0.75,886909.9237,64136,754.0303159,0.718547209,872755.2529,13.00%,1,1.62%,1
47,926,50,18,9,14526,4015.529115,90,0.464605781,1,997265.0365,1034,5.10285594,1.25,938251.3183,19962,98.65315977,0.507728317,964748.3105,3.37%,1,-2.75%,0
48,1388,50,13,13,18392,3841.934319,415,3.022276479,1,985620.2258,1380,10.27606711,0.5,943278.8499,26721,196.8395553,0.468477068,910071.356,8.30%,1,3.65%,1
49,254,50,18,12,17155,4016.3557,30,0.049341682,1,1346577.01,217,0.344907471,1.25,1332258.474,3063,4.897146354,1.267163164,1301716.529,3.45%,1,2.35%,1
50,1268,50,19,14,20271,3951.199979,262,1.816775049,1,1134073.111,1651,10.9916763,1.25,1065128.151,22717,151.3009934,0.998270693,968916.6071,17.05%,1,9.93%,1
51,670,50,21,9,13910,4130.640155,153,0.54710357,1,1129776.725,661,2.402080454,0.25,1058323.792,13543,48.87961098,0.780289959,986540.2964,14.52%,1,7.28%,1
52,2400,50,17,16,27135,3959.903449,789,10.55623765,1,1154229.939,3491,45.34519773,0.5,1077108.995,124812,1607.070208,0.361436006,1011366.554,14.13%,1,6.50%,1
53,1550,50,17,12,16514,3995.12729,263,2.290696245,1,1030032.336,1762,14.37315979,0.75,948973.2237,71248,581.842511,1.786770261,901218.314,14.29%,1,5.30%,1
54,2248,50,21,11,18681,4021.110911,390,5.218574263,1,1018680.373,2216,27.24208375,0.75,975622.0356,74805,918.7894746,0.279404348,965246.1181,5.54%,1,1.07%,1
55,310,50,17,9,11603,3813.756653,54,0.102807171,1,1247096.853,331,0.611595921,0.25,1121499.408,3821,7.124983855,1.671848172,1199348.791,3.98%,1,-6.49%,0
56,2370,50,15,8,12126,3901.864571,413,5.704074792,1,826077.0621,2420,31.23412787,1.25,695123.0408,33101,423.4529047,0.40105913,674847.5061,22.41%,1,3.00%,1
57,198,50,16,12,24337,3933.900732,34,0.045443127,1,1513186.262,121,0.163137087,0.25,1503181.261,1455,1.992119918,1.520877385,1411735.195,7.19%,1,6.48%,1
58,1464,50,15,9,14121,3942.172583,293,2.427395439,1,867427.1621,1501,11.53443871,0.25,763670.6598,26160,199.1677023,0.177642793,720029.0915,20.47%,1,6.06%,1
59,624,50,14,7,10293,4167.937568,85,0.310662617,1,934444.9824,540,1.867140775,0.5,824773.1246,8655,30.16380888,1.098031583,793125.5339,17.82%,1,3.99%,1
60,822,50,16,6,8867,3896.839719,143,0.64319227,1,781358.9555,661,2.961162928,1,781358.9555,12578,56.19294668,1.174998884,725132.6121,7.75%,1,7.75%,1
1,1500,100,20,18,25244,4076.155581,273,2.319842883,1,1587845.655,1321,11.30261153,0.5,1530564.602,18759,166.9200946,0.304750017,1430593.139,10.99%,1,6.99%,1
2,9474,100,32,19,31028,4006.753286,1688,98.58149856,1,1838020.633,6918,421.1621594,0.5,1637492.161,43807,2727.914671,0.189537298,1464337.027,25.52%,1,11.82%,1
3,2506,100,34,25,38161,3944.990926,420,5.990361819,1,2179972.269,1910,28.3699986,0.25,2087707.309,28033,430.0276064,0.538551582,2064481.638,5.59%,1,1.13%,1
4,2488,100,28,12,17746,4040.118351,357,5.130104753,1,1540616.658,1935,27.89921465,0.75,1447639.848,18069,276.7202464,0.240908067,1435013.936,7.36%,1,0.88%,1
5,6242,100,33,22,31101,3964.533243,1499,59.5782501,1,1855612.1,6391,260.0247025,0.75,1838096.161,48251,2047.4904,0.161482538,1744529.209,6.37%,1,5.36%,1
6,7896,100,28,24,34266,4031.455387,949,48.81111298,1,1695561.14,5678,293.2765712,0.75,1593455.809,76504,3995.259468,1.10531336,1644213.399,3.12%,1,-3.09%,0
7,3340,100,30,25,35346,3991.984664,804,15.74794145,1,2051560.028,3490,71.06782188,1,2051560.028,40580,859.0550659,0.304096,1868042.305,9.82%,1,9.82%,1
8,2396,100,36,16,23561,4014.918185,660,8.837265771,1,2016729.306,2428,33.46329254,0.25,1867318.923,16274,243.7919167,1.521791151,1814496.303,11.15%,1,2.91%,1
9,4690,100,35,20,27617,4046.897472,1157,32.06195375,1,1852757.297,5102,146.2016263,1.25,1701980.238,84668,2508.821991,0.205420923,1614981.035,14.72%,1,5.39%,1
10,5742,100,31,16,23513,4034.336135,1172,42.48026586,1,1550122.129,4185,157.1389903,0.25,1509491.07,64818,2471.51086,0.271384303,1440177.095,7.63%,1,4.81%,1
11,4586,100,32,20,29236,4005.013362,660,18.70563188,1,1667916.011,3270,94.25309704,1,1667916.011,73920,2148.810049,0.484757218,1594596.701,4.60%,1,4.60%,1
12,4802,100,38,16,23644,4013.227967,787,23.31923356,1,1845720.213,3858,118.1023861,0.5,1651777.772,33890,1039.382074,1.104075267,1640613.456,12.50%,1,0.68%,1
13,2710,100,29,20,30763,3970.388971,396,6.56559412,1,1925275.576,2382,38.77941706,0.25,1803542,18805,315.0374635,0.117024984,1753145.952,9.82%,1,2.87%,1
14,1234,100,33,32,47865,4083.793274,153,1.170798789,1,2802140.338,1122,8.137212821,0.25,2758255.404,15616,113.0557434,0.134884814,2606815.22,7.49%,1,5.81%,1
15,9564,100,22,19,25942,3998.560469,1435,88.21423148,1,1379019.202,7963,497.3866722,0.25,1300811.499,59417,3785.17487,0.420233481,1234175.078,11.74%,1,5.40%,1
16,3706,100,35,19,29463,3938.460136,989,21.18947895,1,1995246.063,3993,86.60794032,0.5,1873290.23,31867,740.1710069,0.101402913,1803108.054,10.66%,1,3.89%,1
17,5262,100,31,22,32461,4002.647636,601,19.96118524,1,1772424.023,4253,138.6880064,0.25,1698537.003,62655,2117.225745,1.229265059,1569618.945,12.92%,1,8.21%,1
18,1956,100,32,17,23639,3970.704397,341,3.714011503,1,1992641.991,1838,20.03214344,0.5,1983249.404,20327,253.4777319,0.31960853,1798465.902,10.80%,1,10.27%,1
19,6768,100,28,16,24373,4026.269681,1061,45.88620856,1,1433080.576,4218,188.4760964,1.25,1408415.992,58128,2751.987524,0.111714902,1329847.847,7.76%,1,5.91%,1
20,8986,100,31,18,27390,4007.055501,835,49.57302284,1,1646993.32,5710,333.3490609,1.25,1477818.298,101108,5908.068333,1.977196296,1461945.931,12.66%,1,1.09%,1
21,1798,100,31,14,20087,4084.671097,175,1.831140367,1,1844118.452,889,9.183096507,1.25,1665255.402,11751,124.1087643,0.149646885,1480780.475,24.54%,1,12.46%,1
22,9496,100,37,18,28040,4007.536943,1327,84.346812,1,1765219.146,7038,447.7176912,0.5,1673934.239,53334,3491.80992,1.031643682,1565199.926,12.78%,1,6.95%,1
23,9172,100,38,17,25725,4001.526571,1814,105.0146715,1,1686012.263,7504,444.9034722,0.75,1618777.703,41950,2563.296705,0.442090727,1494737.863,12.80%,1,8.30%,1
24,7110,100,30,20,27474,4048.009734,1251,59.10410964,1,1732843.415,5975,281.0956519,0.5,1515376.638,72883,3529.25114,1.168230052,1524135.34,13.69%,1,-0.57%,0
25,3856,100,34,18,24329,3993.596977,523,12.26369377,1,1732692.03,2776,64.44343861,1,1732692.03,26646,654.8761498,0.323970208,1659692.42,4.40%,1,4.40%,1
26,7448,100,36,25,38582,4000.145462,1408,69.52288708,1,2167709.723,6884,336.5530204,0.25,1920322.874,65676,3385.839471,0.331287552,1811232.87,19.68%,1,6.02%,1
27,6490,100,38,11,18391,4006.613961,1206,50.0995148,1,1468967.799,3920,166.7185064,0.75,1382437.564,42323,1888.972151,0.74188166,1313605.471,11.83%,1,5.24%,1
28,1294,100,32,17,26279,4040.279809,116,0.861980094,1,2082611.766,912,6.506677661,0.75,1913415.272,11333,85.4337364,0.131601519,1759537.958,18.36%,1,8.75%,1
29,5516,100,32,21,30170,3985.794958,661,23.79564364,1,1738627.485,2910,106.0378776,1,1738627.485,30245,1142.055876,1.221344548,1646273.88,5.61%,1,5.61%,1
30,5428,100,36,15,21572,4018.862291,204,7.56176314,1,1495727.296,1645,56.87153229,0.5,1453456.277,27878,987.227862,0.358717067,1427604.925,4.77%,1,1.81%,1
31,316,100,30,22,33107,3699.203235,35,0.073148158,1,3525725.237,142,0.301724787,0.25,3312158.029,1721,3.923585986,0.197447797,3263441.554,8.04%,1,1.49%,1
32,948,100,24,22,30628,3991.121088,154,0.849446153,1,2317883.848,781,4.378407831,0.25,2304598.472,9173,52.09491682,0.474041399,2168019.475,6.91%,1,6.30%,1
33,5732,100,32,25,36430,4001.784697,700,27.91323641,1,2001471.623,4590,175.5179273,0.25,1860411.864,55037,2130.03388,0.387130606,1809142.245,10.63%,1,2.83%,1
34,5330,100,33,25,36628,4075.461673,990,32.53244685,1,1992593.982,4803,158.7289303,1,1992593.982,33040,1128.62631,0.185407511,1818712.873,9.56%,1,9.56%,1
35,5522,100,31,19,27238,4010.427054,675,25.30374855,1,1677006.594,3748,137.0515491,0.25,1491473.391,68237,2522.989776,0.269673431,1519111.498,10.39%,1,-1.82%,0
36,3386,100,42,18,27974,3937.936353,435,8.84176452,1,2017654.985,3450,66.64646118,0.25,1947852.133,46152,950.3637443,0.113393692,1791434.57,12.63%,1,8.73%,1
37,6816,100,36,13,18988,3995.284939,1287,58.21901279,1,1570844.221,4880,218.5839466,0.5,1521931.071,52472,2409.028014,1.325094339,1420003.389,10.62%,1,7.18%,1
38,6402,100,31,19,28470,4022.149979,1196,51.2332823,1,1571077.144,4386,186.2374998,0.25,1556523.626,53150,2272.965617,0.489905145,1465730.418,7.19%,1,6.19%,1
39,2234,100,33,19,27226,3975.038526,328,4.347248244,1,1894069.716,1540,19.47676105,0.5,1732023.058,27893,363.2169134,1.584541609,1710539.826,10.73%,1,1.26%,1
40,4648,100,28,24,34479,4063.10192,1238,35.24825352,1,2004637.265,4709,130.0886854,1.25,1734528.214,40412,1185.714976,0.184625944,1724125.182,16.27%,1,0.60%,1
41,3894,100,28,24,34386,4028.519389,500,11.72436735,1,1823520.088,2773,64.96747477,1,1823520.088,41674,988.2802018,0.073871897,1724335.918,5.75%,1,5.75%,1
42,6402,100,35,19,27702,4010.118365,724,30.55483253,1,1652359.564,4205,177.2832791,0.5,1604826.534,58292,2490.944063,0.758416244,1577012.47,4.78%,1,1.76%,1
43,572,100,37,21,33670,3829.4433,140,0.470277546,1,2606275.588,526,1.80170882,1,2606275.588,6725,24.09260158,0.17695468,2541931.892,2.53%,1,2.53%,1
44,4162,100,20,21,30564,3915.693606,961,23.6734914,1,1606858.801,3519,87.01327349,0.75,1550901.982,25266,694.2292922,1.019804819,1428685.831,12.47%,1,8.55%,1
45,2836,100,37,27,41522,4027.112626,510,9.205858696,1,2367501.267,2670,44.10183804,0.5,2309183.9,47344,827.2771683,0.211170031,2172882.398,8.96%,1,6.27%,1
46,8816,100,32,21,30266,3998.305163,1786,104.3756307,1,1708892.889,8865,502.3466171,0.25,1637538.818,44557,2698.969806,0.208148795,1581914.986,8.03%,1,3.52%,1
47,3612,100,29,20,30385,4053.544909,403,9.002991848,1,1766363.751,1913,41.20933242,0.25,1593211.336,21526,490.7797098,0.194999631,1558292.18,13.35%,1,2.24%,1
48,5516,100,28,21,33865,3956.092185,605,24.77173709,1,1702972.507,4073,145.0439907,0.25,1638892.202,50218,1812.626708,0.230368798,1514077.833,12.48%,1,8.24%,1
49,846,100,28,19,27813,3994.099767,101,0.531556967,1,2197595.519,797,3.88489902,1.25,2135225.102,12231,62.10890834,0.550217031,2019240.183,8.83%,1,5.74%,1
50,5026,100,39,20,30503,3914.336416,1065,33.71287356,1,2007554.628,4312,129.1043038,0.75,1814588.964,36497,1156.492205,0.816394401,1777374.014,12.95%,1,2.09%,1
51,2560,100,27,26,36467,4001.308163,488,7.599960025,1,2038620.038,2470,36.0332754,0.25,1951713.247,18153,282.3883874,0.315340338,1890454.383,7.84%,1,3.24%,1
52,9690,100,42,17,27740,3985.425949,1448,95.04079526,1,1805887.615,8840,562.0285737,0.75,1742403.868,54634,3540.655482,0.107780439,1614822.484,11.83%,1,7.90%,1
53,6186,100,32,17,24525,3981.134894,1187,47.87257716,1,1500936.302,5716,230.9248495,1,1500936.302,56992,2341.550672,0.263060147,1433172.194,4.73%,1,4.73%,1
54,9062,100,24,23,31381,3987.900114,1458,88.82748845,1,1543483.545,8244,516.8405174,0.5,1507805.782,62907,4046.024894,0.650248068,1447114.347,6.66%,1,4.19%,1
55,1074,100,24,24,34723,4087.825482,77,0.546005827,1,2415707.362,884,5.790812998,0.25,2262939.896,17247,108.3691492,0.34224341,2130483.602,13.39%,1,6.22%,1
56,9570,100,26,17,24950,3978.839936,1119,73.94304569,1,1570046.66,8979,588.0174651,0.5,1413956.562,80886,5336.315868,1.00223308,1305690.274,20.25%,1,8.29%,1
57,610,100,28,20,28087,4008.231307,93,0.367246836,1,2364700.629,480,1.796856538,0.75,2304717.274,9577,37.43652096,0.151369593,2123764,11.34%,1,8.52%,1
58,5832,100,25,19,27707,3988.911819,1046,39.7689588,1,1627967.37,3836,151.2993434,0.75,1453171.788,58137,2302.562234,0.065126482,1361610.723,19.56%,1,6.72%,1
59,2372,100,36,14,20307,3969.597239,279,4.108511726,1,1781880.701,1954,28.33339578,0.5,1683976.607,24715,339.446069,0.266169846,1659986.547,7.34%,1,1.45%,1
60,3184,100,34,17,24994,4029.493961,448,8.884629806,1,1874427.356,2596,52.31962388,0.25,1729302.76,25844,483.1779629,0.193422773,1666301.626,12.49%,1,3.78%,1
